Date,Sales,Expenses,Receivables,Payables,Cash Balance,Cash Inflow,Cash Outflow,Cash Flow
2017-12-30,88293000000.0,60000000000.0,23440000000.0,62985000000.0,27491000000.0,88293000000.0,60000000000.0,28293000000.0
2018-03-31,61137000000.0,46007000000.0,14324000000.0,34311000000.0,45059000000.0,61137000000.0,46007000000.0,15130000000.0
2018-06-30,53265000000.0,38777000000.0,14104000000.0,38489000000.0,31971000000.0,53265000000.0,38777000000.0,14488000000.0
2018-09-29,62900000000.0,43377000000.0,23186000000.0,55888000000.0,25913000000.0,62900000000.0,43377000000.0,19523000000.0
2018-12-29,84310000000.0,57620000000.0,18077000000.0,44293000000.0,44771000000.0,84310000000.0,57620000000.0,26690000000.0
2019-03-30,58015000000.0,46860000000.0,15085000000.0,30443000000.0,37988000000.0,58015000000.0,46860000000.0,11155000000.0
2019-06-29,53809000000.0,42173000000.0,14148000000.0,29115000000.0,50530000000.0,53809000000.0,42173000000.0,11636000000.0
2019-09-28,64040000000.0,44130000000.0,22926000000.0,46236000000.0,48844000000.0,64040000000.0,44130000000.0,19910000000.0
2019-12-28,91819000000.0,61303000000.0,20970000000.0,45111000000.0,39771000000.0,91819000000.0,61303000000.0,30516000000.0
2020-03-28,58313000000.0,45002000000.0,15722000000.0,32421000000.0,40174000000.0,58313000000.0,45002000000.0,13311000000.0
2020-06-27,59685000000.0,43414000000.0,17882000000.0,35325000000.0,33383000000.0,59685000000.0,43414000000.0,16271000000.0
2020-09-26,64698000000.0,44122000000.0,16120000000.0,42296000000.0,38016000000.0,64698000000.0,44122000000.0,20576000000.0
2020-12-26,111439000000.0,72676000000.0,27101000000.0,63846000000.0,36010000000.0,111439000000.0,72676000000.0,38763000000.0
2021-03-27,89584000000.0,65603000000.0,18503000000.0,40127000000.0,38466000000.0,89584000000.0,65603000000.0,23981000000.0
2021-06-26,81434000000.0,60340000000.0,17475000000.0,40409000000.0,34050000000.0,81434000000.0,60340000000.0,21094000000.0
2021-12-25,123945000000.0,76979000000.0,30213000000.0,74362000000.0,37119000000.0,123945000000.0,76979000000.0,46966000000.0
2022-03-26,97278000000.0,69112000000.0,20815000000.0,52682000000.0,28098000000.0,97278000000.0,69112000000.0,28166000000.0
2022-06-25,82959000000.0,60067000000.0,21803000000.0,48343000000.0,27502000000.0,82959000000.0,60067000000.0,22892000000.0
2022-12-31,117154000000.0,83149000000.0,23752000000.0,57918000000.0,20535000000.0,117154000000.0,83149000000.0,34005000000.0
2023-04-01,94836000000.0,66276000000.0,17936000000.0,42945000000.0,24687000000.0,94836000000.0,66276000000.0,28560000000.0
2023-07-01,81797000000.0,55417000000.0,19549000000.0,46699000000.0,28408000000.0,81797000000.0,55417000000.0,26380000000.0
2023-12-30,119575000000.0,79680000000.0,23194000000.0,58146000000.0,40760000000.0,119575000000.0,79680000000.0,39895000000.0
2024-03-30,90753000000.0,68063000000.0,21837000000.0,45753000000.0,32695000000.0,90753000000.0,68063000000.0,22690000000.0
2024-06-29,85777000000.0,56919000000.0,22795000000.0,47574000000.0,25565000000.0,85777000000.0,56919000000.0,28858000000.0
2024-12-28,124300000000.0,94365000000.0,29639000000.0,61910000000.0,30299000000.0,124300000000.0,94365000000.0,29935000000.0
2025-03-29,95359000000.0,71407000000.0,26136000000.0,54126000000.0,28162000000.0,95359000000.0,71407000000.0,23952000000.0
2025-06-28,94036000000.0,66169000000.0,27557000000.0,50374000000.0,36269000000.0,94036000000.0,66169000000.0,27867000000.0
2025-12-27,143756000000.0,89831000000.0,39921000000.0,70587000000.0,45317000000.0,143756000000.0,89831000000.0,53925000000.0
2026-03-28,111184000000.0,82482000000.0,30339000000.0,57349000000.0,45572000000.0,111184000000.0,82482000000.0,28702000000.0
2026-06-27,109417000000.0,75048000000.0,31398000000.0,64525000000.0,39544000000.0,109417000000.0,75048000000.0,34369000000.0
