Date,Sales,Expenses,Receivables,Payables,Cash Balance,Cash Inflow,Cash Outflow
2023-01-01,120000,80000,40000,25000,45000,120000,80000
2023-02-01,125000,82000,43000,26000,47000,125000,82000
2023-03-01,130000,83000,45000,27000,50000,130000,83000
2023-04-01,128000,84000,47000,28000,49000,128000,84000
2023-05-01,136000,85000,48000,29000,52000,136000,85000
2023-06-01,141000,86000,50000,30000,55000,141000,86000
2023-07-01,145000,87000,52000,31000,58000,145000,87000
2023-08-01,150000,88000,53000,32000,60000,150000,88000
2023-09-01,155000,90000,55000,33000,62000,155000,90000
2023-10-01,160000,91000,57000,34000,64000,160000,91000
2023-11-01,165000,93000,59000,35000,65000,165000,93000
2023-12-01,170000,95000,61000,36000,68000,170000,95000
2024-01-01,175000,96000,62000,37000,71000,175000,96000
2024-02-01,180000,98000,63000,38000,74000,180000,98000
2024-03-01,185000,100000,65000,39000,77000,185000,100000
2024-04-01,188000,101000,66000,40000,78000,188000,101000
2024-05-01,192000,103000,68000,41000,79000,192000,103000
2024-06-01,196000,104000,70000,42000,82000,196000,104000
2024-07-01,200000,106000,72000,43000,86000,200000,106000
2024-08-01,205000,108000,74000,44000,89000,205000,108000
2024-09-01,210000,110000,76000,45000,92000,210000,110000
2024-10-01,215000,112000,78000,46000,96000,215000,112000
2024-11-01,220000,114000,79000,47000,99000,220000,114000
2024-12-01,225000,116000,81000,48000,103000,225000,116000
2025-01-01,230000,118000,83000,49000,106000,230000,118000
2025-02-01,235000,120000,85000,50000,110000,235000,120000
2025-03-01,240000,123000,87000,51000,112000,240000,123000
2025-04-01,245000,125000,89000,52000,116000,245000,125000
2025-05-01,250000,128000,91000,53000,120000,250000,128000
2025-06-01,255000,130000,94000,54000,125000,255000,130000
