Invoice_ID,Transaction_Date,Customer_ID,Category,Quantity,Unit_Price,Discount_Pct,Total_Sales_Amount,COGS_Expense,Payment_Status
INV-2023-1000,2023-01-01,CUST-202,Consulting Services,13,1050.3,0.15,"$11,605.81","$7,564.34",Settled
INV-2023-1001,2023-01-04,CUST-566,Industrial Parts,11,1877.75,0.0,"$20,655.25","$13,471.14",Paid
INV-2023-1002,2023-01-07,CUST-761,Electronics,2,2666.0,0.05,"$5,065.40","$2,968.82",Settled
INV-2023-1003,2023-01-10,CUST-376,Electronics,12,2334.96,0.0,"$28,019.52","$17,468.23",Settled
INV-2023-1004,2023-01-13,CUST-158,Industrial Parts,10,640.0,0.15,"$5,440.00","$3,330.81",Settled
INV-2023-1005,2023-01-16,CUST-786,Office Supplies,3,1647.39,0.15,"$4,200.84","$2,733.53",Settled
INV-2023-1006,2023-01-19,CUST-918,Industrial Parts,5,1851.5,0.05,"$8,794.62","$6,255.71",Net-30
INV-2023-1007,2023-01-22,CUST-341,Office Supplies,9,547.9,0.05,"$4,684.54","$3,121.40",Settled
INV-2023-1008,2023-01-25,CUST-554,Consulting Services,13,2999.58,0.1,"$35,095.09","$24,727.46",Settled
INV-2023-1009,2023-01-28,CUST-971,Consulting Services,2,1775.47,0.05,"$3,373.39","$2,168.89",Settled
INV-2023-1010,2023-01-31,CUST-802,Office Supplies,10,1849.26,0.05,"$17,567.97","$12,334.83",Settled
INV-2023-1011,2023-02-03,CUST-915,Industrial Parts,8,2211.33,0.15,"$15,037.04","$8,385.99",Settled
INV-2023-1012,2023-02-06,CUST-819,Electronics,2,2119.08,0.15,"$3,602.44","$2,199.82",Settled
INV-2023-1013,2023-02-09,CUST-479,Electronics,9,1388.82,0.0,"$12,499.38","$7,033.07",Net-30
INV-2023-1014,2023-02-12,CUST-443,Electronics,12,1380.46,0.1,"$14,908.97","$10,266.74",Paid
INV-2023-1015,2023-02-15,CUST-774,Industrial Parts,1,2317.88,0.05,"$2,201.99","$1,345.28",Settled
INV-2023-1016,2023-02-18,CUST-234,Electronics,8,1848.35,0.0,"$14,786.80","$8,292.51",Settled
INV-2023-1017,2023-02-21,CUST-827,Electronics,3,2273.89,0.05,"$6,480.59","$4,541.77",Settled
INV-2023-1018,2023-02-24,CUST-712,Industrial Parts,14,3046.74,0.0,"$42,654.36","$27,529.85",Paid
INV-2023-1019,2023-02-27,CUST-970,Industrial Parts,9,2631.99,0.05,"$22,503.51","$12,474.17",Settled
INV-2023-1020,2023-03-02,CUST-674,Consulting Services,7,1926.11,0.0,"$13,482.77","$8,581.20",Pending
INV-2023-1021,2023-03-05,CUST-506,Industrial Parts,13,2119.52,0.0,"$27,553.76","$16,226.29",Settled
INV-2023-1022,2023-03-08,CUST-798,Industrial Parts,6,3141.4,0.05,"$17,905.98","$12,308.22",Settled
INV-2023-1023,2023-03-11,CUST-745,Consulting Services,12,1155.32,0.15,"$11,784.26","$8,269.43",Settled
INV-2023-1024,2023-03-14,CUST-605,Industrial Parts,12,1568.89,0.05,"$17,885.35","$10,171.56",Settled
INV-2023-1025,2023-03-17,CUST-732,Consulting Services,13,3082.19,0.1,"$36,061.62","$20,843.31",Settled
INV-2023-1026,2023-03-20,CUST-417,Electronics,1,859.6,0.15,$730.66,$432.19,Settled
INV-2023-1027,2023-03-23,CUST-771,Consulting Services,8,2609.06,0.0,"$20,872.48","$11,710.12",Settled
INV-2023-1028,2023-03-26,CUST-367,Office Supplies,7,1991.75,0.0,"$13,942.25","$8,019.23",Net-30
INV-2023-1029,2023-03-29,CUST-798,Electronics,2,2008.04,0.05,"$3,815.28","$2,119.84",Settled
INV-2023-1030,2023-04-01,CUST-484,Industrial Parts,14,934.68,0.15,"$11,122.69","$6,964.17",Settled
INV-2023-1031,2023-04-04,CUST-346,Consulting Services,7,2784.86,0.1,"$17,544.62","$10,371.80",Paid
INV-2023-1032,2023-04-07,CUST-936,Consulting Services,2,2400.59,0.1,"$4,321.06","$2,976.32",Paid
INV-2023-1033,2023-04-10,CUST-300,Consulting Services,11,1059.56,0.0,"$11,655.16","$8,111.07",Settled
INV-2023-1034,2023-04-13,CUST-502,Office Supplies,3,2928.5,0.15,"$7,467.68","$4,926.27",Settled
INV-2023-1035,2023-04-16,CUST-739,Industrial Parts,2,3013.13,0.1,"$5,423.63","$3,297.47",Settled
INV-2023-1036,2023-04-19,CUST-250,Industrial Parts,14,2587.35,0.1,"$32,600.61","$21,588.04",Paid
INV-2023-1037,2023-04-22,CUST-671,Electronics,2,3488.76,0.05,"$6,628.64","$4,656.80",Pending
INV-2023-1038,2023-04-25,CUST-108,Electronics,3,2601.07,0.15,"$6,632.73","$4,659.55",Paid
INV-2023-1039,2023-04-28,CUST-219,Electronics,8,3052.79,0.0,"$24,422.32","$14,103.33",Paid
INV-2023-1040,2023-05-01,CUST-951,Office Supplies,3,1616.85,0.0,"$4,850.55","$3,214.92",Settled
INV-2023-1041,2023-05-04,CUST-995,Office Supplies,2,1956.84,0.1,"$3,522.31","$2,327.66",Settled
INV-2023-1042,2023-05-07,CUST-260,Consulting Services,1,1981.68,0.15,"$1,684.43","$1,140.20",Settled
INV-2023-1043,2023-05-10,CUST-234,Industrial Parts,1,1424.18,0.15,"$1,210.55",$685.08,Settled
INV-2023-1044,2023-05-13,CUST-474,Office Supplies,14,2269.61,0.05,"$30,185.81","$18,619.41",Paid
INV-2023-1045,2023-05-16,CUST-382,Industrial Parts,2,1550.24,0.0,"$3,100.48","$2,009.34",Settled
INV-2023-1046,2023-05-19,CUST-552,Consulting Services,13,1997.58,0.15,"$22,073.26","$12,231.54",Settled
INV-2023-1047,2023-05-22,CUST-116,Consulting Services,12,1909.83,0.05,"$21,772.06","$15,360.78",Settled
INV-2023-1048,2023-05-25,CUST-844,Electronics,8,1492.25,0.05,"$11,341.10","$8,101.30",Net-30
INV-2023-1049,2023-05-28,CUST-215,Industrial Parts,13,1655.29,0.1,"$19,366.89","$11,535.71",Settled
INV-2023-1050,2023-05-31,CUST-117,Electronics,10,3308.46,0.05,"$31,430.37","$22,255.93",Settled
INV-2023-1051,2023-06-03,CUST-725,Consulting Services,6,1575.94,0.1,"$8,510.08","$5,430.42",Paid
INV-2023-1052,2023-06-06,CUST-884,Consulting Services,1,909.86,0.05,$864.37,$528.23,Settled
INV-2023-1053,2023-06-09,CUST-858,Office Supplies,3,1268.62,0.15,"$3,234.98","$2,281.47",Settled
INV-2023-1054,2023-06-12,CUST-924,Consulting Services,13,1082.82,0.15,"$11,965.16","$8,008.69",Paid
INV-2023-1055,2023-06-15,CUST-982,Industrial Parts,12,2236.59,0.15,"$22,813.22","$14,789.98",Settled
INV-2023-1056,2023-06-18,CUST-764,Office Supplies,14,1359.62,0.05,"$18,082.95","$12,590.59",Settled
INV-2023-1057,2023-06-21,CUST-781,Office Supplies,6,2111.25,0.0,"$12,667.50","$8,091.76",Paid
INV-2023-1058,2023-06-24,CUST-719,Electronics,7,756.04,0.0,"$5,292.28","$3,085.64",Settled
INV-2023-1059,2023-06-27,CUST-966,Industrial Parts,8,2678.27,0.0,"$21,426.16","$15,315.87",Paid
INV-2023-1060,2023-06-30,CUST-758,Electronics,8,1312.5,0.15,"$8,925.00","$6,037.65",Settled
INV-2023-1061,2023-07-03,CUST-573,Electronics,14,3007.94,0.0,"$42,111.16","$28,090.04",Settled
INV-2023-1062,2023-07-06,CUST-733,Electronics,2,1219.36,0.05,"$2,316.78","$1,555.67",Settled
INV-2023-1063,2023-07-09,CUST-984,Electronics,13,2713.69,0.1,"$31,750.17","$19,814.15",Paid
INV-2023-1064,2023-07-12,CUST-175,Office Supplies,3,2773.54,0.0,"$8,320.62","$5,059.93",Settled
INV-2023-1065,2023-07-15,CUST-146,Electronics,14,3066.38,0.15,"$36,489.92","$21,157.08",Settled
INV-2023-1066,2023-07-18,CUST-573,Consulting Services,5,1920.42,0.0,"$9,602.10","$6,039.67",Settled
INV-2023-1067,2023-07-21,CUST-861,Office Supplies,6,2405.28,0.05,"$13,710.10","$8,148.62",Settled
INV-2023-1068,2023-07-24,CUST-758,Office Supplies,1,2118.13,0.0,"$2,118.13","$1,223.64",Settled
INV-2023-1069,2023-07-27,CUST-858,Office Supplies,1,3101.6,0.15,"$2,636.36","$1,871.39",Settled
INV-2023-1070,2023-07-30,CUST-789,Industrial Parts,12,885.5,0.0,"$10,626.00","$6,829.91",Pending
INV-2023-1071,2023-08-02,CUST-934,Electronics,1,2454.45,0.1,"$2,209.01","$1,288.48",Settled
INV-2023-1072,2023-08-05,CUST-706,Office Supplies,2,616.89,0.05,"$1,172.09",$780.74,Settled
INV-2023-1073,2023-08-08,CUST-875,Electronics,10,2544.84,0.05,"$24,175.98","$16,644.19",Settled
INV-2023-1074,2023-08-11,CUST-295,Office Supplies,5,1545.01,0.1,"$6,952.55","$4,861.02",Paid
INV-2023-1075,2023-08-14,CUST-376,Electronics,9,2143.92,0.0,"$19,295.28","$13,074.57",Paid
INV-2023-1076,2023-08-17,CUST-788,Industrial Parts,4,1616.05,0.1,"$5,817.78","$3,773.95",Paid
INV-2023-1077,2023-08-20,CUST-835,Electronics,12,1786.98,0.0,"$21,443.76","$14,491.36",Settled
INV-2023-1078,2023-08-23,CUST-897,Electronics,1,2015.76,0.15,"$1,713.40","$1,055.86",Settled
INV-2023-1079,2023-08-26,CUST-118,Electronics,4,532.51,0.0,"$2,130.04","$1,478.28",Settled
INV-2023-1080,2023-08-29,CUST-895,Office Supplies,4,2220.31,0.1,"$7,993.12","$4,509.39",Settled
INV-2023-1081,2023-09-01,CUST-495,Electronics,4,2517.56,0.15,"$8,559.70","$6,084.69",Paid
INV-2023-1082,2023-09-04,CUST-138,Electronics,5,1983.26,0.1,"$8,924.67","$6,419.59",Settled
INV-2023-1083,2023-09-07,CUST-262,Industrial Parts,13,1552.75,0.05,"$19,176.46","$13,704.86",Settled
INV-2023-1084,2023-09-10,CUST-591,Electronics,13,3015.44,0.05,"$37,240.68","$24,920.15",Settled
INV-2023-1085,2023-09-13,CUST-894,Office Supplies,2,744.05,0.0,"$1,488.10",$877.46,Settled
INV-2023-1086,2023-09-16,CUST-464,Electronics,6,2938.4,0.1,"$15,867.36","$11,175.51",Settled
INV-2023-1087,2023-09-19,CUST-903,Office Supplies,12,750.5,0.0,"$9,006.00","$5,532.01",Paid
INV-2023-1088,2023-09-22,CUST-813,Office Supplies,3,833.59,0.1,"$2,250.69","$1,334.94",Settled
INV-2023-1089,2023-09-25,CUST-737,Office Supplies,4,856.45,0.0,"$3,425.80","$2,363.37",Paid
INV-2023-1090,2023-09-28,CUST-486,Electronics,12,3386.52,0.1,"$36,574.42","$23,086.20",Settled
INV-2023-1091,2023-10-01,CUST-216,Office Supplies,10,536.46,0.15,"$4,559.91","$2,938.96",Settled
INV-2023-1092,2023-10-04,CUST-179,Office Supplies,5,3478.89,0.0,"$17,394.45","$10,315.05",Settled
INV-2023-1093,2023-10-07,CUST-540,Office Supplies,9,1150.43,0.1,"$9,318.48","$5,845.22",Settled
INV-2023-1094,2023-10-10,CUST-985,Industrial Parts,7,636.34,0.15,"$3,786.22","$2,699.50",Settled
INV-2023-1095,2023-10-13,CUST-457,Consulting Services,8,2360.4,0.15,"$16,050.72","$9,290.89",Settled
INV-2023-1096,2023-10-16,CUST-747,Office Supplies,12,2250.97,0.15,"$22,959.89","$14,034.43",Settled
INV-2023-1097,2023-10-19,CUST-601,Industrial Parts,1,1339.29,0.0,"$1,339.29",$921.89,Settled
INV-2023-1098,2023-10-22,CUST-657,Industrial Parts,13,3321.6,0.1,"$38,862.72","$26,169.08",Settled
INV-2023-1099,2023-10-25,CUST-549,Office Supplies,8,3129.98,0.1,"$22,535.86","$12,567.96",Settled
INV-2023-1100,2023-10-28,CUST-900,Office Supplies,1,1941.11,0.1,"$1,747.00","$1,005.52",Settled
INV-2023-1101,2023-10-31,CUST-162,Electronics,6,2987.49,0.0,"$17,924.94","$12,413.31",Settled
INV-2023-1102,2023-11-03,CUST-198,Industrial Parts,1,541.02,0.1,$486.92,$339.38,Paid
INV-2023-1103,2023-11-06,CUST-962,Electronics,6,3239.5,0.1,"$17,493.30","$11,908.18",Pending
INV-2023-1104,2023-11-09,CUST-557,Industrial Parts,1,1223.25,0.0,"$1,223.25",$699.65,Net-30
INV-2023-1105,2023-11-12,CUST-816,Consulting Services,14,3134.66,0.15,"$37,302.45","$24,436.16",Settled
INV-2023-1106,2023-11-15,CUST-171,Industrial Parts,10,1994.5,0.05,"$18,947.75","$12,908.99",Settled
INV-2023-1107,2023-11-18,CUST-367,Electronics,6,3403.92,0.05,"$19,402.34","$13,562.84",Settled
INV-2023-1108,2023-11-21,CUST-723,Industrial Parts,7,2765.41,0.0,"$19,357.87","$12,750.86",Paid
INV-2023-1109,2023-11-24,CUST-202,Office Supplies,12,3441.39,0.05,"$39,231.85","$25,511.92",Settled
INV-2023-1110,2023-11-27,CUST-958,Industrial Parts,2,1544.77,0.05,"$2,935.06","$1,839.27",Pending
INV-2023-1111,2023-11-30,CUST-641,Industrial Parts,10,3087.09,0.0,"$30,870.90","$21,158.92",Settled
INV-2023-1112,2023-12-03,CUST-500,Office Supplies,1,1274.73,0.15,"$1,083.52",$604.38,Settled
INV-2023-1113,2023-12-06,CUST-549,Electronics,14,2400.2,0.15,"$28,562.38","$17,367.80",Settled
INV-2023-1114,2023-12-09,CUST-762,Industrial Parts,11,916.48,0.15,"$8,569.09","$4,975.31",Settled
INV-2023-1115,2023-12-12,CUST-380,Industrial Parts,3,2045.71,0.15,"$5,216.56","$3,021.92",Settled
INV-2023-1116,2023-12-15,CUST-502,Electronics,5,1535.25,0.05,"$7,292.44","$4,230.28",Settled
INV-2023-1117,2023-12-18,CUST-612,Electronics,9,1567.97,0.05,"$13,406.14","$8,203.56",Settled
INV-2023-1118,2023-12-21,CUST-912,Industrial Parts,9,776.87,0.1,"$6,292.65","$4,132.65",Settled
INV-2023-1119,2023-12-24,CUST-449,Industrial Parts,13,507.79,0.15,"$5,611.08","$3,855.12",Paid
INV-2023-1120,2023-12-27,CUST-352,Consulting Services,8,1953.57,0.05,"$14,847.13","$10,084.06",Settled
INV-2023-1121,2023-12-30,CUST-485,Electronics,10,610.05,0.15,"$5,185.43","$2,969.33",Settled
INV-2023-1122,2024-01-02,CUST-849,Industrial Parts,12,821.52,0.05,"$9,365.33","$5,714.77",Settled
INV-2023-1123,2024-01-05,CUST-291,Electronics,7,1631.85,0.05,"$10,851.80","$7,008.90",Paid
INV-2023-1124,2024-01-08,CUST-185,Office Supplies,14,859.29,0.0,"$12,030.06","$7,317.86",Settled
INV-2023-1125,2024-01-11,CUST-493,Industrial Parts,9,1995.33,0.1,"$16,162.17","$10,494.32",Paid
INV-2023-1126,2024-01-14,CUST-722,Consulting Services,8,1794.98,0.1,"$12,923.86","$7,940.31",Settled
INV-2023-1127,2024-01-17,CUST-791,Office Supplies,2,1233.06,0.1,"$2,219.51","$1,592.96",Settled
INV-2023-1128,2024-01-20,CUST-388,Electronics,6,1176.0,0.05,"$6,703.20","$3,967.04",Settled
INV-2023-1129,2024-01-23,CUST-942,Office Supplies,14,2917.59,0.15,"$34,719.32","$24,388.59",Settled
INV-2023-1130,2024-01-26,CUST-342,Industrial Parts,8,2590.88,0.15,"$17,617.98","$10,025.45",Settled
INV-2023-1131,2024-01-29,CUST-831,Industrial Parts,4,515.9,0.05,"$1,960.42","$1,164.18",Settled
INV-2023-1132,2024-02-01,CUST-673,Electronics,2,2170.29,0.15,"$3,689.49","$2,328.16",Paid
INV-2023-1133,2024-02-04,CUST-744,Office Supplies,10,1471.04,0.1,"$13,239.36","$7,730.68",Paid
INV-2023-1134,2024-02-07,CUST-239,Industrial Parts,1,2331.86,0.15,"$1,982.08","$1,119.56",Settled
INV-2023-1135,2024-02-10,CUST-610,Consulting Services,13,2097.77,0.0,"$27,271.01","$16,710.83",Settled
INV-2023-1136,2024-02-13,CUST-360,Industrial Parts,10,3469.88,0.0,"$34,698.80","$23,122.49",Settled
INV-2023-1137,2024-02-16,CUST-418,Electronics,9,2780.68,0.1,"$22,523.51","$14,199.68",Settled
INV-2023-1138,2024-02-19,CUST-518,Office Supplies,1,3052.18,0.15,"$2,594.35","$1,852.51",Settled
INV-2023-1139,2024-02-22,CUST-475,Industrial Parts,9,1115.01,0.1,"$9,031.58","$5,069.47",Paid
INV-2023-1140,2024-02-25,CUST-671,Consulting Services,13,919.32,0.0,"$11,951.16","$8,097.93",Paid
INV-2023-1141,2024-02-28,CUST-390,Electronics,5,2943.72,0.1,"$13,246.74","$8,712.90",Pending
INV-2023-1142,2024-03-02,CUST-700,Electronics,10,1677.34,0.15,"$14,257.39","$8,936.98",Paid
INV-2023-1143,2024-03-05,CUST-899,Industrial Parts,13,1404.13,0.1,"$16,428.32","$10,260.91",Settled
INV-2023-1144,2024-03-08,CUST-244,Electronics,7,2095.57,0.0,"$14,668.99","$10,328.44",Settled
INV-2023-1145,2024-03-11,CUST-297,Office Supplies,3,2383.12,0.15,"$6,076.96","$4,059.00",Settled
INV-2023-1146,2024-03-14,CUST-722,Electronics,1,2100.38,0.1,"$1,890.34","$1,223.87",Net-30
INV-2023-1147,2024-03-17,CUST-540,Electronics,13,1245.47,0.1,"$14,572.00","$8,369.16",Settled
INV-2023-1148,2024-03-20,CUST-933,Office Supplies,5,3130.3,0.0,"$15,651.50","$8,882.16",Settled
INV-2023-1149,2024-03-23,CUST-914,Consulting Services,13,882.47,0.15,"$9,751.29","$6,195.86",Settled
INV-2023-1150,2024-03-26,CUST-256,Industrial Parts,4,2666.76,0.05,"$10,133.69","$5,594.55",Settled
INV-2023-1151,2024-03-29,CUST-391,Office Supplies,11,2297.09,0.15,"$21,477.79","$12,475.84",Pending
INV-2023-1152,2024-04-01,CUST-649,Office Supplies,8,1770.79,0.05,"$13,458.00","$9,569.15",Settled
INV-2023-1153,2024-04-04,CUST-240,Consulting Services,14,802.38,0.0,"$11,233.32","$6,212.91",Paid
INV-2023-1154,2024-04-07,CUST-559,Consulting Services,4,3256.25,0.0,"$13,025.00","$9,206.39",Paid
INV-2023-1155,2024-04-10,CUST-205,Electronics,12,1623.31,0.0,"$19,479.72","$12,118.38",Paid
INV-2023-1156,2024-04-13,CUST-395,Electronics,6,3232.06,0.0,"$19,392.36","$11,039.11",Net-30
INV-2023-1157,2024-04-16,CUST-721,Consulting Services,6,3012.47,0.0,"$18,074.82","$12,614.10",Settled
INV-2023-1158,2024-04-19,CUST-760,Industrial Parts,9,2732.75,0.05,"$23,365.01","$16,039.73",Settled
INV-2023-1159,2024-04-22,CUST-902,Industrial Parts,4,2112.19,0.1,"$7,603.88","$5,375.21",Settled
INV-2023-1160,2024-04-25,CUST-574,Office Supplies,11,1856.65,0.1,"$18,380.84","$10,212.10",Pending
INV-2023-1161,2024-04-28,CUST-281,Consulting Services,9,1995.1,0.05,"$17,058.10","$9,480.20",Settled
INV-2023-1162,2024-05-01,CUST-384,Industrial Parts,11,2396.79,0.15,"$22,409.99","$13,135.74",Settled
INV-2023-1163,2024-05-04,CUST-948,Consulting Services,9,945.99,0.05,"$8,088.21","$5,631.88",Settled
INV-2023-1164,2024-05-07,CUST-459,Electronics,7,2286.16,0.0,"$16,003.12","$9,882.63",Settled
INV-2023-1165,2024-05-10,CUST-822,Office Supplies,14,1072.06,0.0,"$15,008.84","$9,218.63",Paid
INV-2023-1166,2024-05-13,CUST-118,Office Supplies,1,2826.58,0.1,"$2,543.92","$1,627.35",Settled
INV-2023-1167,2024-05-16,CUST-212,Office Supplies,14,2178.92,0.1,"$27,454.39","$15,580.55",Settled
INV-2023-1168,2024-05-19,CUST-154,Industrial Parts,3,1619.93,0.05,"$4,616.80","$3,243.59",Settled
INV-2023-1169,2024-05-22,CUST-186,Industrial Parts,12,3019.37,0.1,"$32,609.20","$21,587.85",Settled
INV-2023-1170,2024-05-25,CUST-858,Industrial Parts,8,1088.34,0.1,"$7,836.05","$4,336.08",Settled
INV-2023-1171,2024-05-28,CUST-338,Electronics,3,3162.38,0.15,"$8,064.07","$4,761.76",Settled
INV-2023-1172,2024-05-31,CUST-195,Consulting Services,14,2309.59,0.05,"$30,717.55","$21,230.05",Settled
INV-2023-1173,2024-06-03,CUST-264,Office Supplies,5,1719.18,0.1,"$7,736.31","$5,433.81",Settled
INV-2023-1174,2024-06-06,CUST-874,Electronics,7,3044.38,0.15,"$18,114.06","$10,521.44",Settled
INV-2023-1175,2024-06-09,CUST-799,Office Supplies,2,3231.87,0.0,"$6,463.74","$3,930.66",Settled
INV-2023-1176,2024-06-12,CUST-485,Industrial Parts,7,602.68,0.15,"$3,585.95","$2,352.76",Settled
INV-2023-1177,2024-06-15,CUST-833,Electronics,2,3083.2,0.1,"$5,549.76","$3,947.19",Paid
INV-2023-1178,2024-06-18,CUST-379,Electronics,10,2197.33,0.1,"$19,775.97","$13,884.19",Paid
INV-2023-1179,2024-06-21,CUST-820,Office Supplies,3,2037.37,0.0,"$6,112.11","$3,924.45",Settled
INV-2023-1180,2024-06-24,CUST-458,Electronics,6,2435.16,0.05,"$13,880.41","$9,957.09",Settled
INV-2023-1181,2024-06-27,CUST-208,Office Supplies,7,2549.55,0.05,"$16,954.51","$11,960.23",Settled
INV-2023-1182,2024-06-30,CUST-455,Electronics,6,701.53,0.0,"$4,209.18","$2,781.18",Paid
INV-2023-1183,2024-07-03,CUST-698,Electronics,10,920.06,0.1,"$8,280.54","$5,821.25",Paid
INV-2023-1184,2024-07-06,CUST-267,Office Supplies,12,2399.29,0.0,"$28,791.48","$16,693.68",Pending
INV-2023-1185,2024-07-09,CUST-575,Office Supplies,10,1766.11,0.05,"$16,778.04","$9,702.21",Paid
INV-2023-1186,2024-07-12,CUST-918,Electronics,4,2812.96,0.0,"$11,251.84","$6,933.16",Settled
INV-2023-1187,2024-07-15,CUST-611,Consulting Services,1,2664.6,0.15,"$2,264.91","$1,463.79",Settled
INV-2023-1188,2024-07-18,CUST-722,Consulting Services,6,905.0,0.15,"$4,615.50","$2,707.17",Settled
INV-2023-1189,2024-07-21,CUST-247,Industrial Parts,3,3024.59,0.0,"$9,073.77","$5,756.24",Settled
INV-2023-1190,2024-07-24,CUST-581,Electronics,10,1922.71,0.0,"$19,227.10","$10,820.50",Paid
INV-2023-1191,2024-07-27,CUST-316,Electronics,11,2294.86,0.0,"$25,243.46","$14,941.31",Paid
INV-2023-1192,2024-07-30,CUST-328,Consulting Services,12,3403.1,0.05,"$38,795.34","$25,230.13",Settled
INV-2023-1193,2024-08-02,CUST-143,Industrial Parts,11,3386.3,0.0,"$37,249.30","$26,504.38",Settled
INV-2023-1194,2024-08-05,CUST-914,Consulting Services,14,3374.51,0.1,"$42,518.83","$28,678.03",Paid
INV-2023-1195,2024-08-08,CUST-826,Electronics,6,2411.69,0.15,"$12,299.62","$7,286.83",Settled
INV-2023-1196,2024-08-11,CUST-754,Industrial Parts,10,654.79,0.05,"$6,220.50","$3,462.97",Paid
INV-2023-1197,2024-08-14,CUST-810,Electronics,7,2167.42,0.05,"$14,413.34","$10,170.53",Settled
INV-2023-1198,2024-08-17,CUST-728,Industrial Parts,9,1077.8,0.15,"$8,245.17","$5,895.96",Pending
INV-2023-1199,2024-08-20,CUST-693,Industrial Parts,14,664.65,0.1,"$8,374.59","$5,060.32",Paid
INV-2023-1200,2024-08-23,CUST-372,Office Supplies,8,1190.03,0.15,"$8,092.20","$5,112.49",Paid
INV-2023-1201,2024-08-26,CUST-270,Consulting Services,10,2674.3,0.15,"$22,731.55","$14,714.42",Paid
INV-2023-1202,2024-08-29,CUST-615,Electronics,6,1456.26,0.05,"$8,300.68","$5,299.39",Settled
INV-2023-1203,2024-09-01,CUST-207,Office Supplies,2,573.2,0.05,"$1,089.08",$782.35,Settled
INV-2023-1204,2024-09-04,CUST-880,Electronics,2,3317.2,0.1,"$5,970.96","$3,355.11",Settled
INV-2023-1205,2024-09-07,CUST-128,Office Supplies,1,1705.79,0.0,"$1,705.79","$1,077.31",Settled
INV-2023-1206,2024-09-10,CUST-847,Industrial Parts,9,2804.82,0.0,"$25,243.38","$15,327.35",Settled
INV-2023-1207,2024-09-13,CUST-676,Office Supplies,1,831.42,0.05,$789.85,$474.30,Paid
INV-2023-1208,2024-09-16,CUST-245,Office Supplies,5,626.28,0.0,"$3,131.40","$2,206.88",Settled
INV-2023-1209,2024-09-19,CUST-498,Electronics,9,2538.94,0.15,"$19,422.89","$13,840.57",Paid
INV-2023-1210,2024-09-22,CUST-479,Office Supplies,7,3137.35,0.05,"$20,863.38","$13,605.76",Pending
INV-2023-1211,2024-09-25,CUST-325,Electronics,7,3473.51,0.1,"$21,883.11","$13,529.64",Paid
INV-2023-1212,2024-09-28,CUST-409,Electronics,3,2038.07,0.05,"$5,808.50","$3,241.03",Settled
INV-2023-1213,2024-10-01,CUST-852,Office Supplies,3,2978.62,0.0,"$8,935.86","$5,002.59",Net-30
INV-2023-1214,2024-10-04,CUST-788,Electronics,3,2291.82,0.0,"$6,875.46","$3,984.76",Settled
INV-2023-1215,2024-10-07,CUST-789,Office Supplies,14,3489.01,0.1,"$43,961.53","$30,275.94",Settled
INV-2023-1216,2024-10-10,CUST-219,Electronics,9,2278.82,0.05,"$19,483.91","$13,565.12",Settled
INV-2023-1217,2024-10-13,CUST-422,Industrial Parts,12,1930.03,0.1,"$20,844.32","$14,850.76",Paid
INV-2023-1218,2024-10-16,CUST-620,Industrial Parts,8,3294.77,0.1,"$23,722.34","$13,398.09",Settled
INV-2023-1219,2024-10-19,CUST-137,Consulting Services,11,2670.26,0.05,"$27,904.22","$17,873.84",Net-30
INV-2023-1220,2024-10-22,CUST-787,Electronics,12,728.39,0.0,"$8,740.68","$4,898.78",Paid
INV-2023-1221,2024-10-25,CUST-417,Electronics,3,2974.04,0.15,"$7,583.80","$5,024.72",Settled
INV-2023-1222,2024-10-28,CUST-848,Electronics,6,2063.78,0.15,"$10,525.28","$6,967.07",Paid
INV-2023-1223,2024-10-31,CUST-670,Consulting Services,9,1502.03,0.0,"$13,518.27","$9,037.91",Settled
INV-2023-1224,2024-11-03,CUST-290,Industrial Parts,6,1067.66,0.0,"$6,405.96","$4,482.56",Paid
INV-2023-1225,2024-11-06,CUST-130,Industrial Parts,10,886.61,0.1,"$7,979.49","$4,698.85",Pending
INV-2023-1226,2024-11-09,CUST-181,Consulting Services,2,2996.4,0.0,"$5,992.80","$3,559.59",Settled
INV-2023-1227,2024-11-12,CUST-624,Office Supplies,11,3443.56,0.0,"$37,879.16","$21,579.51",Settled
INV-2023-1228,2024-11-15,CUST-547,Consulting Services,13,2839.54,0.05,"$35,068.32","$20,976.76",Settled
INV-2023-1229,2024-11-18,CUST-332,Consulting Services,2,1525.62,0.15,"$2,593.55","$1,505.59",Paid
INV-2023-1230,2024-11-21,CUST-377,Consulting Services,4,2563.66,0.05,"$9,741.91","$6,926.89",Settled
INV-2023-1231,2024-11-24,CUST-623,Office Supplies,1,2246.51,0.0,"$2,246.51","$1,257.70",Settled
INV-2023-1232,2024-11-27,CUST-309,Office Supplies,14,3420.47,0.0,"$47,886.58","$29,968.04",Settled
INV-2023-1233,2024-11-30,CUST-480,Consulting Services,7,696.88,0.0,"$4,878.16","$2,951.35",Settled
INV-2023-1234,2024-12-03,CUST-558,Office Supplies,7,1837.71,0.05,"$12,220.77","$7,694.83",Pending
INV-2023-1235,2024-12-06,CUST-198,Electronics,9,990.87,0.1,"$8,026.05","$5,541.24",Settled
INV-2023-1236,2024-12-09,CUST-899,Office Supplies,14,1190.16,0.1,"$14,996.02","$8,944.44",Net-30
INV-2023-1237,2024-12-12,CUST-847,Consulting Services,12,2693.81,0.1,"$29,093.15","$18,077.13",Settled
INV-2023-1238,2024-12-15,CUST-873,Industrial Parts,9,1826.9,0.1,"$14,797.89","$9,168.58",Paid
INV-2023-1239,2024-12-18,CUST-626,Office Supplies,13,1101.08,0.0,"$14,314.04","$9,458.48",Settled
INV-2023-1240,2024-12-21,CUST-370,Consulting Services,11,3404.58,0.05,"$35,577.86","$20,799.86",Settled
INV-2023-1241,2024-12-24,CUST-619,Industrial Parts,11,3034.35,0.15,"$28,371.17","$15,690.29",Paid
INV-2023-1242,2024-12-27,CUST-792,Consulting Services,12,3402.53,0.15,"$34,705.81","$23,787.76",Settled
INV-2023-1243,2024-12-30,CUST-305,Industrial Parts,1,2321.92,0.15,"$1,973.63","$1,229.87",Settled
