Period_Date,Net Revenue / Sales,Operating_Expenses,AR (Receivables),AP (Accounts Payable),Bank Closing Balance,Inflow (Cash Collected),Outflow (Disbursed)
2025-04-01,"$245,000.00","$125,000.00","$89,000.00","$52,000.00","$116,000.00","$245,000.00","$125,000.00"
2024-04-01,"$188,000.00","$101,000.00","$66,000.00","$40,000.00","$78,000.00","$188,000.00","$101,000.00"
2024-12-01,"$225,000.00","$116,000.00","$81,000.00","$48,000.00","$103,000.00","$225,000.00","$116,000.00"
2024-06-01,"$196,000.00","$104,000.00","$70,000.00","$42,000.00","$82,000.00","$196,000.00","$104,000.00"
2023-09-01,"$155,000.00","$90,000.00","$55,000.00","$33,000.00","$62,000.00","$155,000.00","$90,000.00"
2023-10-01,"$160,000.00","$91,000.00","$57,000.00","$34,000.00","$64,000.00","$160,000.00","$91,000.00"
2025-05-01,"$250,000.00","$128,000.00","$91,000.00","$53,000.00","$120,000.00","$250,000.00","$128,000.00"
2025-01-01,"$230,000.00","$118,000.00","$83,000.00","$49,000.00","$106,000.00","$230,000.00","$118,000.00"
2024-01-01,"$175,000.00","$96,000.00","$62,000.00","$37,000.00","$71,000.00","$175,000.00","$96,000.00"
2023-01-01,"$120,000.00","$80,000.00","$40,000.00","$25,000.00","$45,000.00","$120,000.00","$80,000.00"
2023-05-01,"$136,000.00","$85,000.00","$48,000.00","$29,000.00","$52,000.00","$136,000.00","$85,000.00"
2024-05-01,"$192,000.00","$103,000.00","$68,000.00","$41,000.00","$79,000.00","$192,000.00","$103,000.00"
2023-06-01,"$141,000.00","$86,000.00","$50,000.00","$30,000.00","$55,000.00","$141,000.00","$86,000.00"
2024-02-01,"$180,000.00","$98,000.00","$63,000.00","$38,000.00","$74,000.00","$180,000.00","$98,000.00"
2023-12-01,"$170,000.00","$95,000.00","$61,000.00","$36,000.00","$68,000.00","$170,000.00","$95,000.00"
2024-11-01,"$220,000.00","$114,000.00","$79,000.00","$47,000.00","$99,000.00","$220,000.00","$114,000.00"
2023-02-01,"$125,000.00","$82,000.00","$43,000.00","$26,000.00","$47,000.00","$125,000.00","$82,000.00"
2023-03-01,"$130,000.00","$83,000.00","$45,000.00","$27,000.00","$50,000.00","$130,000.00","$83,000.00"
2025-02-01,"$235,000.00","$120,000.00","$85,000.00","$50,000.00","$110,000.00","$235,000.00","$120,000.00"
2023-04-01,"$128,000.00","$84,000.00","$47,000.00","$28,000.00","$49,000.00","$128,000.00","$84,000.00"
2024-10-01,"$215,000.00","$112,000.00","$78,000.00","$46,000.00","$96,000.00","$215,000.00","$112,000.00"
2025-03-01,"$240,000.00","$123,000.00","$87,000.00","$51,000.00","$112,000.00","$240,000.00","$123,000.00"
2024-07-01,"$200,000.00","$106,000.00","$72,000.00","$43,000.00","$86,000.00","$200,000.00","$106,000.00"
2025-06-01,"$255,000.00","$130,000.00","$94,000.00","$54,000.00","$125,000.00","$255,000.00","$130,000.00"
2024-09-01,"$210,000.00","$110,000.00","$76,000.00","$45,000.00","$92,000.00","$210,000.00","$110,000.00"
2023-08-01,,"$88,000.00","$53,000.00","$32,000.00","$60,000.00","$150,000.00","$88,000.00"
2023-11-01,"$165,000.00","$93,000.00","$59,000.00","$35,000.00","$65,000.00","$165,000.00","$93,000.00"
2024-03-01,"$185,000.00","$100,000.00",,"$39,000.00","$77,000.00","$185,000.00","$100,000.00"
2024-08-01,"$205,000.00","$108,000.00","$74,000.00","$44,000.00","$89,000.00","$205,000.00","$108,000.00"
2023-07-01,"$145,000.00","$87,000.00","$52,000.00","$31,000.00","$58,000.00","$145,000.00","$87,000.00"
