Date,Revenue,Operating Cash Flow,Accounts Receivable,Accounts Payable,Cash and Cash Equivalents
2018-06-30,4002231000,-528040000,569874000,3030493000,2236424000
2018-09-30,6824413000,1391281000,1155001000,3596984000,2967000000
2022-09-30,21454000000,5100000000,2192000000,13897000000,19532000000
2023-03-31,23329000000,2513000000,2993000000,15904000000,16048000000
2023-06-30,24927000000,3065000000,3447000000,15273000000,15296000000
2023-09-30,23350000000,3308000000,2520000000,13937000000,15932000000
2024-03-31,21301000000,242000000,3887000000,14725000000,11805000000
2024-06-30,25500000000,3612000000,3737000000,13056000000,14635000000
2024-09-30,25182000000,6255000000,3313000000,14654000000,18111000000
2025-03-31,19335000000,2156000000,3782000000,13471000000,16352000000
2025-06-30,22496000000,2540000000,3838000000,13212000000,15587000000
2025-09-30,28095000000,6238000000,4703000000,12819000000,18289000000
2026-03-31,22387000000,3937000000,3959000000,14696000000,16603000000
2026-06-30,28236000000,4697000000,4087000000,15324000000,15219000000
